Species,Genus,Sub-family,Family,Order
celebensis,Acerodon,,,
jubatus,Acerodon,,,
macklotii,Acerodon,,,
jubatus,Acinonyx,,,
fulvescens,Acipenser,,,
nasomaculatus,Addax,,,
paca,Agouti,,,
buselaphus,Alcelaphus,,,
alces,Alces,,,
fortis,Alexandromys,,,
limnophilus,Alexandromys,,,
maximowiczii,Alexandromys,,,
oeconomus,Alexandromys,,,
pelagicus,Alopias,,,
,Alpiscaptulus,,,
lervia,Ammotragus,,,
beecrofti,Anomalurus,,,
derbianus,Anomalurus,,,
agrarius,Apodemus,,,
draco,Apodemus,,,
latronum,Apodemus,,,
peninsulae,Apodemus,,,
semotus,Apodemus,,,
sylvaticus,Apodemus,,,
binturong,Arctictis,,,
australis,Arctocephalus,,,
galapagoensis,Arctocephalus,,,
gazella,Arctocephalus,,,
pusillus,Arctocephalus,,,
townsendi,Arctocephalus,,,
simus,Arctodus,,,
trivirgata,Arctogalidia,,,
hartii,Artibeus,,,
hirsutus,Artibeus,,,
jamaicensis,Artibeus,,,
lituratus,Artibeus,,,
nairobae,Arvicanthis,,,
niloticus,Arvicanthis,,,
somalicus,Arvicanthis,,,
amphibius,Arvicola,,,
chamek,Ateles,,,
geoffroyi,Ateles,,,
paniscus,Ateles,,,
acutorostrata,Balaenoptera,,,
bonaerensis,Balaenoptera,,,
borealis,Balaenoptera,,,
brydei,Balaenoptera,,,
edeni,Balaenoptera,,,
musculus,Balaenoptera,,,
omurai,Balaenoptera,,,
physalus,Balaenoptera,,,
ricei,Balaenoptera,,,
beijingensis,Barbastella,,,
bison,Bison,,,
bonasus,Bison,,,
priscus,Bison,,,
gaurus,Bos,,,
grunniens,Bos,,,
javanicus,Bos,,,
primigenius,Bos,,,
taurus,Bos,,,
cavernarum,Brachyphylla,,,
chacoensis,Cabassous,,,
tatouay,Cabassous,,,
jacchus,Callithrix,,,
ursinus,Callorhinus,,,
adamsi,Callosciurus,,,
albescens,Callosciurus,,,
caniceps,Callosciurus,,,
erythraeus,Callosciurus,,,
finlaysonii,Callosciurus,,,
inornatus,Callosciurus,,,
nigrovittatus,Callosciurus,,,
,Camelidae,,,
,Camelops,,,
bactrianus,Camelus,,,
dromedarius,Camelus,,,
ferus,Camelus,,,
aegagrus,Capra,,,
caucasica,Capra,,,
cylindricornis,Capra,,,
falconeri,Capra,,,
hircus,Capra,,,
sibirica,Capra,,,
capreolus,Capreolus,,,
pygargus,Capreolus,,,
milneedwardsii,Capricornis,,,
sumatraensis,Capricornis,,,
indicus,Caprimulgus,,,
pilorides,Capromys,,,
caracal,Caracal,,,
syrichta,Carlito,,,
argynnis,Casinycteris,,,
campomaanensis,Casinycteris,,,
ophiodon,Casinycteris,,,
canadensis,Castor,,,
wagneri,Catagonus,,,
badia,Catopuma,,,
temminckii,Catopuma,,,
pygmaea,Cebuella,,,
callipygus,Cephalophus,,,
dorsalis,Cephalophus,,,
natalensis,Cephalophus,,,
nigrifrons,Cephalophus,,,
ogilbyi,Cephalophus,,,
rufilatus,Cephalophus,,,
simum,Ceratotherium,,,
canadensis,Cervus,,,
elaphus,Cervus,,,
hanglu,Cervus,,,
nippon,Cervus,,,
leucogaster,Chaerephon,,,
pumilus,Chaerephon,,,
vellerosus,Chaetophractus,,,
villosus,Chaetophractus,,,
,Chain,,,
striata,Channa,,,
crossleyi,Cheirogaleus,,,
major,Cheirogaleus,,,
medius,Cheirogaleus,,,
lucifer,Cheracebus,,,
regulus,Cheracebus,,,
torquatus,Cheracebus,,,
gud,Chionomys,,,
nivalis,Chionomys,,,
roberti,Chionomys,,,
salvini,Chiroderma,,,
didactylus,Choloepus,,,
hoffmanni,Choloepus,,,
owstoni,Chrotogale,,,
civetta,Civettictis,,,
gapperi,Clethrionomys,,,
hankugensis,Cobitis,,,
antiquitatis,Coelodonta,,,
chinga,Conepatus,,,
leuconotus,Conepatus,,,
semistriatus,Conepatus,,,
barabensis,Cricetulus,,,
griseus,Cricetulus,,,
platycephalus,Crossarchus,,,
celebensis,Crunomys,,,
fallax,Crunomys,,,
melanius,Crunomys,,,
ochraceiventer,Crunomys,,,
leucodon,Ctenomys,,,
sociabilis,Ctenomys,,,
torquatus,Ctenomys,,,
taczanowskii,Cuniculus,,,
alpinus,Cuon,,,
didactylus,Cyclopes,,,
penicillata,Cynictis,,,
abrasus,Cynomops,,,
mexicanus,Cynomops,,,
brachyotis,Cynopterus,,,
sphinx,Cynopterus,,,
fragment,DNA,,,
choprae,Danio,,,
madagascariensis,Daubentonia,,,
dorsalis,Dendrohyrax,,,
interfluvialis,Dendrohyrax,,,
sumatrensis,Dicerorhinus,,,
bicornis,Diceros,,,
tajacu,Dicotyles,,,
hudsonius,Dicrostonyx,,,
torquatus,Dicrostonyx,,,
megalotis,Dorcatragus,,,
everetti,Dremomys,,,
gularis,Dremomys,,,
lokriah,Dremomys,,,
pyrrhomerus,Dremomys,,,
rufigenis,Dremomys,,,
carolinenis,Dumetella,,,
carolinensis,Dumetella,,,
alba,Ectophylla,,,
cephalophus,Elaphodus,,,
sibiricum,Elasmotherium,,,
brachyrhynchus,Elephantulus,,,
myurus,Elephantulus,,,
minor,Eliurus,,,
webbi,Eliurus,,,
luteus,Eolagurus,,,
spelaea,Eonycteris,,,
baileyi,Eospalax,,,
cansus,Eospalax,,,
fontanierii,Eospalax,,,
smithii,Eospalax,,,
cachinus,Eothenomys,,,
olitor,Eothenomys,,,
setchuanus,Eozapus,,,
areolatus,Epinephelus,,,
crypturus,Epomophorus,,,
gambianus,Epomophorus,,,
minimus,Epomophorus,,,
minor,Epomophorus,,,
wahlbergi,Epomophorus,,,
buettikoferi,Epomops,,,
dobsonii,Epomops,,,
franqueti,Epomops,,,
bottae,Eptesicus,,,
nilssonii,Eptesicus,,,
robustus,Eschrichtius,,,
australis,Eubalaena,,,
glacialis,Eubalaena,,,
rufifrons,Eudorcas,,,
thomsonii,Eudorcas,,,
rufescens,Eugongylus,,,
macaco,Eulemur,,,
rubriventer,Eulemur,,,
rufifrons,Eulemur,,,
glaucinus,Eumops,,,
patagonicus,Eumops,,,
concinnus,Exilisciurus,,,
catus,Felis,,,
margarita,Felis,,,
silvestris,Felis,,,
fossana,Fossa,,,
anselli,Fukomys,,,
damarensis,Fukomys,,,
bennettii,Gazella,,,
cuvieri,Gazella,,,
dorcas,Gazella,,,
erlangeri,Gazella,,,
gazella,Gazella,,,
leptoceros,Gazella,,,
spekei,Gazella,,,
speki,Gazella,,,
subgutturosa,Gazella,,,
camelopardalis,Giraffa,,,
giraffa,Giraffa,,,
reticulata,Giraffa,,,
tippelskirchi,Giraffa,,,
glis,Glis,,,
commissarisi,Glossophaga,,,
leachii,Glossophaga,,,
mutica,Glossophaga,,,
soricina,Glossophaga,,,
beringei,Gorilla,,,
gorilla,Gorilla,,,
polionops,Grammomys,,,
surdaster,Grammomys,,,
kelleni,Graphiurus,,,
murinus,Graphiurus,,,
gulo,Gulo,,,
spadiceus,Hadrosciurus,,,
grypus,Halichoerus,,,
francisci,Haringtonhippus,,,
malayanus,Helarctos,,,
hylocrius,Hemitragus,,,
jemlahicus,Hemitragus,,,
brachyurus,Herpestes,,,
ichneumon,Herpestes,,,
naso,Herpestes,,,
saldiasi,Hippidion,,,
amphibius,Hippopotamus,,,
armiger,Hipposideros,,,
cervinus,Hipposideros,,,
diadema,Hipposideros,,,
dinops,Hipposideros,,,
lylei,Hipposideros,,,
pendleburyi,Hipposideros,,,
pratti,Hipposideros,,,
equinus,Hippotragus,,,
leucophaeus,Hippotragus,,,
niger,Hippotragus,,,
hydrochaeris,Hydrochoerus,,,
inermis,Hydropotes,,,
leptonyx,Hydrurga,,,
klossii,Hylobates,,,
moloch,Hylobates,,,
aeta,Hylomyscus,,,
alleni,Hylomyscus,,,
anselli,Hylomyscus,,,
denniae,Hylomyscus,,,
endorobae,Hylomyscus,,,
heinrichorum,Hylomyscus,,,
kerbispeterhansi,Hylomyscus,,,
pamfi,Hylomyscus,,,
parvus,Hylomyscus,,,
simus,Hylomyscus,,,
stella,Hylomyscus,,,
walterverheyeni,Hylomyscus,,,
alboniger,Hylopetes,,,
phayrei,Hylopetes,,,
ampullatus,Hyperoodon,,,
monstrosus,Hypsignathus,,,
albicauda,Ichneumia,,,
libycus,Ictonyx,,,
striatus,Ictonyx,,,
papillosa,Kerivoula,,,
ellipsiprymnus,Kobus,,,
leche,Kobus,,,
vaigiensis,Kyphosus,,,
albirostris,Lagenorhynchus,,,
poeppigii,Lagothrix,,,
noctivagans,Lasionycteris,,,
anglicus,Lasiopodomys,,,
brandtii,Lasiopodomys,,,
curtatus,Lemmiscus,,,
sibiricus,Lemmus,,,
barbarus,Lemniscomys,,,
rosalia,Lemniscomys,,,
catta,Lemur,,,
guttulus,Leopardus,,,
jacobita,Leopardus,,,
pardalis,Leopardus,,,
tigrinus,Leopardus,,,
sabanus,Leopoldamys,,,
dorsalis,Lepilemur,,,
hollandorum,Lepilemur,,,
microdon,Lepilemur,,,
scottorum,Lepilemur,,,
seali,Lepilemur,,,
wrighti,Lepilemur,,,
serval,Leptailurus,,,
weddellii,Leptonychotes,,,
americanus,Lepus,,,
arcticus,Lepus,,,
californicus,Lepus,,,
capensis,Lepus,,,
europaeus,Lepus,,,
hainanus,Lepus,,,
mandshuricus,Lepus,,,
sinensis,Lepus,,,
timidus,Lepus,,,
tolai,Lepus,,,
acutus,Leucopleurus,,,
carcinophaga,Lobodon,,,
carcinophagus,Lobodon,,,
brasiliense,Lophostoma,,,
carrikeri,Lophostoma,,,
schulzi,Lophostoma,,,
silvicolum,Lophostoma,,,
lutra,Lutra,,,
sechurae,Lycalopex,,,
canadensis,Lynx,,,
lynx,Lynx,,,
pardinus,Lynx,,,
rufus,Lynx,,,
fascicularis,Macaca,,,
mulatta,Macaca,,,
nemestrina,Macaca,,,
minimus,Macroglossus,,,
sobrinus,Macroglossus,,,
macrophyllum,Macrophyllum,,,
kirkii,Madoqua,,,
saltiana,Madoqua,,,
crassicaudata,Manis,,,
gigantea,Manis,,,
javanica,Manis,,,
mysteria,Manis,,,
pentadactyla,Manis,,,
tetradactyla,Manis,,,
tricuspis,Manis,,,
baibacina,Marmota,,,
flaviventris,Marmota,,,
marmota,Marmota,,,
monax,Marmota,,,
sibirica,Marmota,,,
foina,Martes,,,
martes,Martes,,,
melampus,Martes,,,
pennanti,Martes,,,
zibellina,Martes,,,
angolensis,Mastomys,,,
coucha,Mastomys,,,
erythroleucus,Mastomys,,,
hildebrandtii,Mastomys,,,
kollmannspergeri,Mastomys,,,
bartelsii,Maxomys,,,
dollmani,Maxomys,,,
hellwaldii,Maxomys,,,
hylomyoides,Maxomys,,,
musschenbroekii,Maxomys,,,
surifer,Maxomys,,,
wattsi,Maxomys,,,
whiteheadi,Maxomys,,,
americana,Mazama,,,
chunyi,Mazama,,,
gouazoupira,Mazama,,,
nemorivaga,Mazama,,,
rufina,Mazama,,,
temama,Mazama,,,
,Megaloceros,,,
azagnyi,Megaloglossus,,,
woermanni,Megaloglossus,,,
anakuma,Meles,,,
meles,Meles,,,
mephitis,Mephitis,,,
tamariscinus,Meriones,,,
tristrami,Meriones,,,
unguiculatus,Meriones,,,
hispidus,Mesomys,,,
stimulax,Mesomys,,,
macconnelli,Mesophylla,,,
europaeus,Mesoplodon,,,
ginkgodens,Mesoplodon,,,
grayi,Mesoplodon,,,
mirus,Mesoplodon,,,
griseorufus,Microcebus,,,
murinus,Microcebus,,,
myoxinus,Microcebus,,,
erythrotis,Micromys,,,
minutus,Micromys,,,
pygmaeus,Micromys,,,
hirsuta,Micronycteris,,,
megalotis,Micronycteris,,,
arvalis,Microtus,,,
daghestanicus,Microtus,,,
ilaeus,Microtus,,,
maximowiczii,Microtus,,,
montanus,Microtus,,,
obscurus,Microtus,,,
ochrogaster,Microtus,,,
oregoni,Microtus,,,
pennsylvanicus,Microtus,,,
pinetorum,Microtus,,,
richardsoni,Microtus,,,
socialis,Microtus,,,
schreibersii,Miniopterus,,,
ogouensis,Miopithecus,,,
trumani,Miracinonyx,,,
angustirostris,Mirounga,,,
leonina,Mirounga,,,
molossus,Molossus,,,
monachus,Monachus,,,
plicatus,Mops,,,
pumilus,Mops,,,
cobourgianus,Mormopterus,,,
loriae,Mormopterus,,,
petersi,Mormopterus,,,
planiceps,Mormopterus,,,
anhuiensis,Moschus,,,
berezovskii,Moschus,,,
chrysogaster,Moschus,,,
cupreus,Moschus,,,
fuscus,Moschus,,,
leucogaster,Moschus,,,
moschiferus,Moschus,,,
apolipoprotein,Mouse,,,
high,Mouse,,,
atherodes,Muntiacus,,,
feae,Muntiacus,,,
gongshanensis,Muntiacus,,,
muntjak,Muntiacus,,,
putaoensis,Muntiacus,,,
reevesi,Muntiacus,,,
vaginalis,Muntiacus,,,
altaica,Mustela,,,
erminea,Mustela,,,
itatsi,Mustela,,,
kathiah,Mustela,,,
lutreola,Mustela,,,
nigripes,Mustela,,,
nivalis,Mustela,,,
putorius,Mustela,,,
richardsonii,Mustela,,,
sibirica,Mustela,,,
vison,Mustela,,,
darwinii,Mylodon,,,
coypus,Myocastor,,,
glareolus,Myodes,,,
rutilus,Myodes,,,
atacamensis,Myotis,,,
aurascens,Myotis,,,
bechsteinii,Myotis,,,
blythii,Myotis,,,
bombinus,Myotis,,,
brandtii,Myotis,,,
californicus,Myotis,,,
daubentonii,Myotis,,,
davidii,Myotis,,,
dominicensis,Myotis,,,
findleyi,Myotis,,,
frater,Myotis,,,
ikonnikovi,Myotis,,,
leibii,Myotis,,,
lucifugus,Myotis,,,
martiniquensis,Myotis,,,
muricola,Myotis,,,
myotis,Myotis,,,
nattereri,Myotis,,,
nigricans,Myotis,,,
occultus,Myotis,,,
pilosus,Myotis,,,
planiceps,Myotis,,,
riparius,Myotis,,,
septentrionalis,Myotis,,,
velifer,Myotis,,,
vivesi,Myotis,,,
yumanensis,Myotis,,,
balearicus,Myotragus,,,
goral,Naemorhedus,,,
griseus,Naemorhedus,,,
binotata,Nandinia,,,
dama,Nanger,,,
granti,Nanger,,,
soemmerringii,Nanger,,,
galili,Nannospalax,,,
leucodon,Nannospalax,,,
nehringi,Nannospalax,,,
turcicus,Nannospalax,,,
veldkampii,Nanonycteris,,,
liaoruii,Neodon,,,
medogensis,Neodon,,,
shergylaensis,Neodon,,,
sikimensis,Neodon,,,
americana,Neoepinnula,,,
felipei,Neogale,,,
vison,Neogale,,,
phocaenoides,Neophocaena,,,
sunameri,Neophocaena,,,
fuscipes,Neotoma,,,
macrotis,Neotoma,,,
batesi,Neotragus,,,
moschatus,Neotragus,,,
hidalgo,Nesiotites,,,
andersoni,Niviventer,,,
confucianus,Niviventer,,,
cremoriventer,Niviventer,,,
excelsior,Niviventer,,,
lotipes,Niviventer,,,
procyonoides,Nyctereutes,,,
femorosaccus,Nyctinomops,,,
macrotis,Nyctinomops,,,
collaris,Ochotona,,,
himalayana,Ochotona,,,
huangensis,Ochotona,,,
nubrica,Ochotona,,,
sikimaria,Ochotona,,,
thibetana,Ochotona,,,
rosmarus,Odobenus,,,
hemionus,Odocoileus,,,
virginianus,Odocoileus,,,
torridus,Onychomys,,,
mizura,Oreoscaptor,,,
beisa,Oryx,,,
dammah,Oryx,,,
gazella,Oryx,,,
banderanus,Osgoodomys,,,
byronia,Otaria,,,
manul,Otocolobus,,,
madagascariensis,Otomops,,,
martiensseni,Otomops,,,
typus,Otomys,,,
aries,Ovis,,,
nivicola,Ovis,,,
feii,Pachytriton,,,
muscorum,Palawanosorex,,,
leo,Panthera,,,
onca,Panthera,,,
pardus,Panthera,,,
tigris,Panthera,,,
griselda,Pantherina,,,
griselda,Parablarinella,,,
schoutedeni,Paracrocidura,,,
hermaphroditus,Paradoxurus,,,
brunnea,Parahyaena,,,
choirocephalus,Paramonacanthus,,,
sulcatus,Paramonacanthus,,,
marmorata,Pardofelis,,,
plumbea,Patagioenas,,,
punctatus,Pattonomys,,,
semivillosus,Pattonomys,,,
tajacu,Pecari,,,
cantorii,Pelochelys,,,
furnessi,Pentalagus,,,
glenii,Perccottus,,,
attwateri,Peromyscus,,,
boylii,Peromyscus,,,
californicus,Peromyscus,,,
crinitus,Peromyscus,,,
eremicus,Peromyscus,,,
fraterculus,Peromyscus,,,
hooperi,Peromyscus,,,
leucopus,Peromyscus,,,
maniculatus,Peromyscus,,,
mayensis,Peromyscus,,,
megalops,Peromyscus,,,
mekisturus,Peromyscus,,,
merriami,Peromyscus,,,
nasutus,Peromyscus,,,
ochraventer,Peromyscus,,,
polionotus,Peromyscus,,,
spicilegus,Peromyscus,,,
stephani,Peromyscus,,,
truei,Peromyscus,,,
alborufus,Petaurista,,,
electromontis,Phaner,,,
parienti,Phaner,,,
intermedius,Phenacomys,,,
fasciata,Phoca,,,
groenlandica,Phoca,,,
largha,Phoca,,,
sibirica,Phoca,,,
vitulina,Phoca,,,
roborovskii,Phodopus,,,
sungorus,Phodopus,,,
erythrurus,Phrynocephalus,,,
theobaldi,Phrynocephalus,,,
blainvillii,Phyllomys,,,
dasythrix,Phyllomys,,,
catodon,Physeter,,,
macrocephalus,Physeter,,,
abramus,Pipistrellus,,,
kuhlii,Pipistrellus,,,
nathusii,Pipistrellus,,,
pipistrellus,Pipistrellus,,,
compressus,Platygonus,,,
lineatus,Platyrrhinus,,,
matapalensis,Platyrrhinus,,,
anchietae,Plerotes,,,
salvania,Porcula,,,
porcus,Potamochoerus,,,
daltoni,Praomys,,,
hartwigi,Praomys,,,
jacksoni,Praomys,,,
morio,Praomys,,,
rostratus,Praomys,,,
bengalensis,Prionailurus,,,
viverrinus,Prionailurus,,,
linsang,Prionodon,,,
cancrivorus,Procyon,,,
lotor,Procyon,,,
cuvieri,Proechimys,,,
echinothrix,Proechimys,,,
gularis,Proechimys,,,
guyannensis,Proechimys,,,
quadruplicatus,Proechimys,,,
roberti,Proechimys,,,
semispinosus,Proechimys,,,
trinitatis,Proechimys,,,
simus,Prolemur,,,
deckenii,Propithecus,,,
diadema,Propithecus,,,
cristata,Proteles,,,
nayaur,Pseudois,,,
schaeferi,Pseudois,,,
atrata,Pteralopex,,,
taki,Pteralopex,,,
parnellii,Pteronotus,,,
personatus,Pteronotus,,,
rubiginosus,Pteronotus,,,
mephistophiles,Pudu,,,
puda,Pudu,,,
caspica,Pusa,,,
hispida,Pusa,,,
sibirica,Pusa,,,
tarandus,Rangifer,,,
melanotis,Raphicerus,,,
sharpei,Raphicerus,,,
argyrotaenia,Rasbora,,,
sumatrana,Rasbora,,,
baluensis,Rattus,,,
exulans,Rattus,,,
hoogerwerfi,Rattus,,,
rattus,Rattus,,,
fulvescens,Reithrodontomys,,,
tenuirostris,Reithrodontomys,,,
unicornis,Rhinoceros,,,
affinis,Rhinolophus,,,
euryale,Rhinolophus,,,
ferrumequinum,Rhinolophus,,,
hipposideros,Rhinolophus,,,
huananus,Rhinolophus,,,
luctus,Rhinolophus,,,
marshalli,Rhinolophus,,,
pearsonii,Rhinolophus,,,
pusillus,Rhinolophus,,,
siamensis,Rhinolophus,,,
sinicus,Rhinolophus,,,
thomasi,Rhinolophus,,,
hardwickei,Rhinopoma,,,
aeneus,Rhogeessa,,,
alleni,Rhogeessa,,,
genowaysi,Rhogeessa,,,
mira,Rhogeessa,,,
parvula,Rhogeessa,,,
opimus,Rhombomys,,,
cirnei,Rhynchocyon,,,
petersi,Rhynchocyon,,,
udzungwensis,Rhynchocyon,,,
diazi,Romerolagus,,,
aegyptiacus,Rousettus,,,
amplexicaudatus,Rousettus,,,
leschenaulti,Rousettus,,,
leschenaultii,Rousettus,,,
madagascariensis,Rousettus,,,
obliviosus,Rousettus,,,
duvaucelii,Rucervus,,,
eldii,Rucervus,,,
pyrenaica,Rupicapra,,,
timorensis,Rusa,,,
unicolor,Rusa,,,
suncoides,Ruwenzorisorex,,,
bilineata,Saccopteryx,,,
leptura,Saccopteryx,,,
tatarica,Saiga,,,
boliviensis,Saimiri,,,
anomalus,Sciurus,,,
arizonensis,Sciurus,,,
carolinensis,Sciurus,,,
colliaei,Sciurus,,,
granatensis,Sciurus,,,
ignitus,Sciurus,,,
nayaritensis,Sciurus,,,
variegatoides,Sciurus,,,
vulgaris,Sciurus,,,
bergmansi,Scotonycteris,,,
zenkeri,Scotonycteris,,,
betpakdalaensis,Selevinia,,,
betulina,Sicista,,,
nebouxii,Simosciurus,,,
stramineus,Simosciurus,,,
pearsoni,Solisorex,,,
alashanicus,Spermophilus,,,
brevicauda,Spermophilus,,,
dauricus,Spermophilus,,,
erythrogenys,Spermophilus,,,
fulvus,Spermophilus,,,
major,Spermophilus,,,
musicus,Spermophilus,,,
pallidicauda,Spermophilus,,,
pygmaeus,Spermophilus,,,
ralli,Spermophilus,,,
relictus,Spermophilus,,,
suslicus,Spermophilus,,,
zygaena,Sphyrna,,,
maculatus,Spilocuscus,,,
angustifrons,Spilogale,,,
gracilis,Spilogale,,,
interrupta,Spilogale,,,
putorius,Spilogale,,,
pygmaea,Spilogale,,,
attenuata,Stenella,,,
longirostris,Stenella,,,
gregalis,Stenocranius,,,
raddei,Stenocranius,,,
bakeri,Sturnira,,,
ludovici,Sturnira,,,
tildae,Sturnira,,,
annandalei,Sundamys,,,
maxi,Sundamys,,,
muelleri,Sundamys,,,
altitudinis,Sundasciurus,,,
hippurus,Sundasciurus,,,
jentinki,Sundasciurus,,,
lowii,Sundasciurus,,,
robinsoni,Sundasciurus,,,
tahan,Sundasciurus,,,
tenuis,Sundasciurus,,,
suricatta,Suricata,,,
andinus,Sylvilagus,,,
aquaticus,Sylvilagus,,,
bachmani,Sylvilagus,,,
brasiliensis,Sylvilagus,,,
floridanus,Sylvilagus,,,
gabbi,Sylvilagus,,,
parentum,Sylvilagus,,,
transitionalis,Sylvilagus,,,
syndactylus,Symphalangus,,,
caffer,Syncerus,,,
australis,Tadarida,,,
brasiliensis,Tadarida,,,
latouchei,Tadarida,,,
teniotis,Tadarida,,,
,Talpidae,,,
canipes,Tamias,,,
quadrivittatus,Tamias,,,
sibiricus,Tamias,,,
maritimus,Tamiops,,,
mcclellandii,Tamiops,,,
rodolphii,Tamiops,,,
swinhoei,Tamiops,,,
bairdii,Tapirus,,,
pinchaque,Tapirus,,,
terrestris,Tapirus,,,
pecari,Tayassu,,,
cynocephalus,Thylacinus,,,
matacus,Tolypeutes,,,
tricinctus,Tolypeutes,,,
bidens,Tonatia,,,
saurophila,Tonatia,,,
rhipidurus,Toromys,,,
cirrhosus,Trachops,,,
angasii,Tragelaphus,,,
buxtoni,Tragelaphus,,,
oryx,Tragelaphus,,,
scriptus,Tragelaphus,,,
strepsiceros,Tragelaphus,,,
javanicus,Tragulus,,,
kanchil,Tragulus,,,
ornatus,Tremarctos,,,
menamena,Triaenops,,,
persicus,Triaenops,,,
vulpecula,Trichosurus,,,
truncatus,Tursiops,,,
chapensis,Typhlomys,,,
cinereus,Typhlomys,,,
fengjiensis,Typhlomys,,,
cinereoargenteus,Urocyon,,,
americanus,Ursus,,,
arctos,Ursus,,,
thibetanus,Ursus,,,
foramena,Vernaya,,,
fulva,Vernaya,,,
meiguites,Vernaya,,,
nushanensis,Vernaya,,,
murinus,Vespertilio,,,
pacos,Vicugna,,,
altiloquus,Vireo,,,
megaspila,Viverra,,,
zibetha,Viverra,,,
indica,Viverricula,,,
ursinus,Vombatus,,,
chama,Vulpes,,,
lagopus,Vulpes,,,
rueppellii,Vulpes,,,
vulpes,Vulpes,,,
zerda,Vulpes,,,
pichiy,Zaedyus,,,
californianus,Zalophus,,,
japonicus,Zalophus,,,
wollebaeki,Zalophus,,,
cavirostris,Ziphius,,,
